,,,,tempoExecucao,tempoExecucao,raio,raio,silhueta,silhueta,indiceRand,indiceRand
,,,,mean,std,mean,std,mean,std,mean,std
algoritmo,instancia,p,percentRaio,,,,,,,,
1,.\df_0.txt,1,0.0,0.018363333333333332,0.0017689824336535145,2.157496666666667,0.21832692740448903,0.36679,0.012267685333765104,0.00036333333333333335,0.0032765081637509217
1,.\df_0.txt,2,0.0,0.018356666666666667,0.0007876999837297304,1.8070099999999998,0.15429844648021218,0.36812,0.01212365598665512,-0.0009666666666666666,0.0012761292047149602
1,.\df_1.txt,1,0.0,0.018799999999999997,0.0020577858874578493,2.314686666666667,0.17656258582339485,0.4405866666666667,0.04062210824367587,0.2773733333333333,0.08532091118276616
1,.\df_1.txt,2,0.0,0.01861,0.0016680258825412704,1.7994666666666668,0.1376478799349075,0.4278133333333333,0.026059265786536136,0.19551000000000002,0.05705069342864865
1,.\df_2.txt,1,0.0,0.028573333333333333,0.00185582648812409,9.076586666666666,0.939333954691718,0.38280666666666663,0.02090696853523565,0.41252333333333335,0.11183685988923805
1,.\df_2.txt,2,0.0,0.02963,0.0030764007182599524,7.418263333333333,0.674976818750522,0.37421666666666664,0.0449978090143504,0.33874666666666664,0.20402866893435942
1,.\df_3.txt,1,0.0,0.02793,0.0016026163952564665,3.3048833333333336,0.545309932172922,0.5118699999999999,0.047328952646563914,0.6068833333333334,0.10435344477678543
1,.\df_3.txt,2,0.0,0.02841,0.0007653486922244366,2.6229299999999998,0.2948611784996575,0.49721,0.04331045386270043,0.5825866666666666,0.08282940396332415
1,.\df_4.txt,1,0.0,0.02747,0.0005120277470929715,7.063366666666667,0.5450845086857592,0.5599266666666666,0.03272790577002988,0.7727166666666666,0.07733245329959043
1,.\df_4.txt,2,0.0,0.029673333333333333,0.0026360803364521867,5.040793333333334,0.27256197894757084,0.5774766666666667,0.04372615948135055,0.8119633333333333,0.11818523299824975
1,.\df_5.txt,1,0.0,0.017866666666666666,0.0005713464637233649,2.2475966666666665,0.20869298268746006,0.36554000000000003,0.013199963427326556,0.0006933333333333333,0.00234078285362314
1,.\df_5.txt,2,0.0,0.0185,0.0017762804997502794,1.7494866666666666,0.13882298014410996,0.37143,0.011997072918870241,-0.00161,0.00044902192558401023
1,.\df_6.txt,1,0.0,0.018713333333333335,0.0024269653725465944,2.27127,0.300081421307273,0.4333433333333333,0.04857165118513654,0.26927333333333336,0.1339285551518326
1,.\df_6.txt,2,0.0,0.018033333333333332,0.0006556562037159912,1.7539166666666666,0.15889817837833758,0.42535666666666666,0.03346412060425452,0.1959,0.07314724403793234
1,.\df_7.txt,1,0.0,0.029033333333333335,0.0024056447029396524,9.15312,0.8084550393316193,0.37992000000000004,0.023143352363490688,0.39364666666666664,0.12935941039395343
1,.\df_7.txt,2,0.0,0.02793666666666667,0.0004824387281684403,7.145146666666666,0.7197541921083,0.36998,0.03502681140557016,0.34357666666666664,0.18363594359931065
1,.\df_8.txt,1,0.0,0.02809,0.002413803694558045,3.506606666666667,0.5540369151981652,0.5102933333333334,0.045470975459026626,0.60444,0.09516808216029661
1,.\df_8.txt,2,0.0,0.02832,0.0036150451897781224,2.700793333333333,0.3379279702206836,0.49733333333333335,0.04302370904780159,0.5788566666666667,0.08578707274744084
1,.\df_9.txt,1,0.0,0.02743333333333333,0.0005181754018924835,6.635886666666666,0.8991619660525028,0.65025,0.05751478820328703,0.8635066666666666,0.13444702823900148
1,.\df_9.txt,2,0.0,0.02832,0.002085979468937216,5.418523333333334,0.3496269042785499,0.6672433333333333,0.04960071386675752,0.8974799999999999,0.14703223526457235
1,.\pontos_1.txt,1,0.0,0.08979666666666666,0.0029524371386146875,7.277263333333334,1.0076679510849182,0.65925,0.03362392159532077,0.7914866666666666,0.08483600298398583
1,.\pontos_1.txt,2,0.0,0.09362333333333334,0.004659338663545419,5.723973333333333,0.30130839618104793,0.66767,0.03825240267414359,0.8199233333333333,0.09093717301951723
1,.\pontos_10.txt,1,0.0,0.09284666666666667,0.0065308674680364985,8.511786666666668,0.8417242429652371,0.64848,0.07317857421498407,0.8540033333333333,0.10677829265168641
1,.\pontos_10.txt,2,0.0,0.09439333333333333,0.004744065863743908,6.144473333333334,0.4329180195812606,0.6885866666666666,0.04568950481866392,0.9195366666666666,0.0752312869770941
1,.\pontos_2.txt,1,0.0,0.09024,0.0027851329442670062,9.146666666666667,0.7489014047409632,0.78399,0.024461642739547207,0.9500333333333334,0.03533075570732352
1,.\pontos_2.txt,2,0.0,0.09094333333333333,0.005341230862491977,7.2282399999999996,0.310212245028331,0.7913666666666667,0.019983740517167257,0.9617133333333334,0.031121782296862965
1,.\pontos_3.txt,1,0.0,0.09105333333333333,0.003996268374313747,9.259443333333333,1.2047342066809281,0.8160933333333333,0.009294415577083921,0.9924066666666668,0.012880590405544397
1,.\pontos_3.txt,2,0.0,0.09235666666666666,0.005309047796521253,7.0944899999999995,0.6647781384378004,0.82008,0.003735237609577202,0.9978366666666666,0.0053707691180630845
1,.\pontos_4.txt,1,0.0,0.09025666666666667,0.002507049830094071,8.600509999999998,1.1639066236246105,0.73831,0.021268745889782455,0.9506966666666667,0.027994426579950348
1,.\pontos_4.txt,2,0.0,0.09036666666666666,0.001974725355558354,6.480403333333333,0.4951380869625356,0.7602066666666667,0.007852473071162545,0.9826633333333333,0.012691416684959328
1,.\pontos_5.txt,1,0.0,0.08888666666666666,0.0022431095001994596,8.77276,1.0578144523432296,0.6644466666666666,0.05066978786514555,0.8547266666666666,0.06835025380642193
1,.\pontos_5.txt,2,0.0,0.09188333333333333,0.0035563525806872583,6.716316666666667,0.2873731625260614,0.7101000000000001,0.032188903635280604,0.9291433333333334,0.05606869360256977
1,.\pontos_6.txt,1,0.0,0.09063333333333333,0.004146318128531446,9.467283333333334,0.3522318672882023,0.8090533333333333,0.007701443363750556,0.9937566666666666,0.009868573712874485
1,.\pontos_6.txt,2,0.0,0.09164,0.005145711304337448,6.577299999999999,0.40984360347618537,0.8103,0.00718499394091843,0.9953966666666666,0.010088145427228903
1,.\pontos_7.txt,1,0.0,0.09354,0.00492324535520892,6.70438,0.8065406454045918,0.6622,0.011642401695585817,0.7138766666666666,0.02207808530137323
1,.\pontos_7.txt,2,0.0,0.09281666666666667,0.0035390514347027066,5.972583333333334,0.4922682000161359,0.6412166666666667,0.04027378785892564,0.6949366666666666,0.0389930805827564
1,.\pontos_8.txt,1,0.0,0.09076333333333333,0.006115073706569827,9.03103,0.3020957283196266,0.6839566666666667,0.03749009692993727,0.8645666666666667,0.08151643512447229
1,.\pontos_8.txt,2,0.0,0.09218,0.003922912359371588,6.3471,0.3746532189675655,0.7051200000000001,0.022951949808240696,0.9091933333333333,0.05458297658916499
1,.\pontos_9.txt,1,0.0,0.0906,0.0028426553880434424,8.29292,0.9984449199664928,0.5693066666666666,0.07446184828873585,0.7491366666666667,0.11499059776656803
1,.\pontos_9.txt,2,0.0,0.09584666666666666,0.00593061800195034,6.388216666666667,0.4781603331471591,0.6096766666666666,0.06914808538668064,0.81316,0.11914747627813303
1,real1.txt,1,0.0,0.10036333333333333,0.0030186184706359263,221.49339999999998,23.042256010238656,0.7943800000000001,0.052345407202279114,0.022316666666666665,0.0035885914375625334
1,real1.txt,2,0.0,0.10482666666666667,0.006853337134933425,234.52516666666668,32.14375944890696,0.7942133333333333,0.04446947603526015,0.0237,0.003398579825101392
1,real10.txt,1,0.0,0.5124233333333333,0.008388320424270288,0.289,0.015613875350094073,0.1947,0.037151683490885,0.07461333333333334,0.010357397267698076
1,real10.txt,2,0.0,0.5054866666666666,0.005975105443209443,0.22114666666666669,0.0076999208833075285,0.2043,0.03441551374317833,0.06726666666666666,0.011908134957285273
1,real2.txt,1,0.0,0.06392333333333333,0.004247732322670238,15.733333333333333,1.7005746155310288,0.43095,0.034239448412411756,0.12244333333333332,0.06558675057185492
1,real2.txt,2,0.0,0.06271666666666667,0.001131700988086865,12.276366666666666,1.0458481683611471,0.4514833333333333,0.01348107443107158,0.09868,0.04520657870952734
1,real3.txt,1,0.0,0.42105333333333334,0.006483705482330997,4.6,0.4982728791224398,0.4489666666666666,0.055534290949505835,0.05198666666666667,0.012776425848853992
1,real3.txt,2,0.0,0.4247833333333333,0.006540857443176248,4.8,0.5508613944197479,0.45419666666666664,0.07780965051099817,0.05245666666666667,0.01342225849060082
1,real4.txt,1,0.0,0.12467666666666667,0.004766020774502407,1952.8333333333333,217.4169811173012,0.5235766666666667,0.019211951799700693,-0.0008866666666666666,0.0004297018479840639
1,real4.txt,2,0.0,0.12276333333333334,0.0020439116205559576,1914.80836,176.66492808075114,0.5266466666666667,0.022881007533479072,-0.0009666666666666666,0.0004188105763356206
1,real5.txt,1,0.0,0.29501666666666665,0.006421681127691338,4719.933333333333,556.7178405826318,0.42931,0.059605556035866564,0.0771,0.09189259847872631
1,real5.txt,2,0.0,0.2989866666666667,0.006652545964973995,4487.711546666667,520.9392183199714,0.44802333333333333,0.053375273129129694,0.09107333333333334,0.08046300042119738
1,real6.txt,1,0.0,0.042333333333333334,0.0030527922022117807,56.6,5.87572446010145,0.43468,0.036077143399416596,0.028726666666666668,0.028629740183740853
1,real6.txt,2,0.0,0.041543333333333335,0.002442396128922315,44.91535,4.882538686659241,0.43027333333333334,0.038743817600990875,0.02962,0.0421270606781355
1,real7.txt,1,0.0,1.3662999999999998,0.016116707972227775,34.03333333333333,2.4422055229017783,0.4019133333333333,0.04904205607810317,0.21229666666666666,0.04030999262896393
1,real7.txt,2,0.0,1.3850166666666666,0.02714417551460745,27.909073333333332,1.5145852080248958,0.3768566666666667,0.04699574950210251,0.20545,0.04911097742305966
1,real8.txt,1,0.0,0.5717766666666666,0.013124330743747076,4.0,0.0,0.44309333333333334,0.02832005422424836,0.0007233333333333333,0.0011822489770256354
1,real8.txt,2,0.0,0.55432,0.009655421917958495,3.1770766666666668,0.08093513658068001,0.44476333333333334,0.0298560163558985,0.0005033333333333334,0.000833556292012737
1,real9.txt,1,0.0,1.6614866666666666,0.02173931340052943,0.3218,0.015834053220174255,0.30505666666666664,0.062771565511636,0.00192,0.00268050432722573
1,real9.txt,2,0.0,1.6542033333333335,0.016848564521548447,0.25767666666666666,0.011870963802876139,0.36086333333333337,0.059285989990852016,0.003823333333333333,0.0029095186630394235
2,.\df_0.txt,1,0.01,0.020903333333333333,0.005291729613165302,2.4607966666666665,0.285439796760565,0.35872666666666664,0.043343423582085566,-0.00086,0.0021570413964981977
2,.\df_0.txt,1,0.02,0.04003,0.0018204110941554212,2.55613,0.3021138905480332,0.3416666666666667,0.058832112585427095,-0.00023,0.0029143107069342705
2,.\df_0.txt,1,0.04,0.03785666666666666,0.003217161238853537,2.6124033333333334,0.2727719756099605,0.34006000000000003,0.07127657931340904,0.0003066666666666667,0.003925156121062275
2,.\df_0.txt,1,0.08,0.03053,0.0021434985903649563,2.419836666666667,0.27710675831842707,0.35446333333333335,0.04679911201142037,-0.00082,0.002605087860057831
2,.\df_0.txt,1,0.16,0.02496,0.0012885704455339049,2.385013333333333,0.3287263569401249,0.36462333333333335,0.03795941283777326,-0.0012533333333333333,0.001271906885914524
2,.\df_0.txt,2,0.02,0.04019333333333333,0.0020586124106959187,1.96068,0.23130761485445134,0.34586666666666666,0.0687713118482797,-5.666666666666666e-05,0.0038795381286892932
2,.\df_0.txt,2,0.04,0.03516666666666667,0.0015043232716896737,1.9714966666666667,0.20561608766277775,0.35966,0.045675682808251475,-0.0006566666666666667,0.0032979286428504377
2,.\df_0.txt,2,0.08,0.030216666666666666,0.0016433950001252834,1.9080466666666667,0.23790477772497087,0.3706,0.016045860998164407,-0.0013333333333333333,0.000859564177192514
2,.\df_0.txt,2,0.16,0.025283333333333335,0.0015407305328033972,1.92381,0.23820687958738435,0.3598766666666667,0.0547082020159326,-0.0007766666666666667,0.003217697113254086
2,.\df_1.txt,1,0.01,0.02078,0.004471395678123871,2.4049133333333335,0.49483540330883374,0.42073,0.05372723030142228,0.27129,0.11814028000060223
2,.\df_1.txt,1,0.02,0.03907,0.0008221712213653433,2.5690666666666666,0.45179773650677324,0.38304,0.07298230583858831,0.22430333333333333,0.1313420159770648
2,.\df_1.txt,1,0.04,0.034936666666666664,0.0013662138302202396,2.4453533333333337,0.49392362995698547,0.39864,0.08777364933305087,0.25569000000000003,0.1278466170172626
2,.\df_1.txt,1,0.08,0.029806666666666665,0.0011233979653291828,2.47687,0.38337396629724707,0.3907966666666667,0.07083649694084664,0.26799,0.11124248552691954
2,.\df_1.txt,1,0.16,0.024393333333333333,0.0008590023617378851,2.4061066666666666,0.3048217398045475,0.3929,0.07553609778751824,0.27282666666666666,0.11840076576328945
2,.\df_1.txt,2,0.02,0.038950000000000005,0.0019163093120136809,1.99619,0.4643860718084202,0.40393666666666667,0.07886422852111015,0.26142333333333334,0.13829390413008172
2,.\df_1.txt,2,0.04,0.034100000000000005,0.0008749384214785125,2.0824866666666666,0.5379558197045766,0.40025666666666665,0.07736247278495109,0.24434999999999998,0.13661064922896246
2,.\df_1.txt,2,0.08,0.030076666666666665,0.002461522283876988,1.83752,0.31776086475904136,0.42988666666666664,0.04298145336460056,0.30272666666666664,0.13251383775063755
2,.\df_1.txt,2,0.16,0.0246,0.0009822563749891863,1.89001,0.30905061447980464,0.40768,0.06662615412728776,0.25099,0.15075119797087905
2,.\df_2.txt,1,0.01,0.0287,0.007358551206730096,11.366946666666667,2.887131131564788,0.3332333333333333,0.08768528494224273,0.42116333333333333,0.170708213412351
2,.\df_2.txt,1,0.02,0.051000000000000004,0.003897125377364263,10.55705,2.6094019362020817,0.38364,0.07567918494858912,0.5371533333333333,0.159710344996342
2,.\df_2.txt,1,0.04,0.04572,0.002951142385468778,10.29393,1.7080195961384934,0.36766333333333334,0.061279818826448056,0.48808,0.1576759387324915
2,.\df_2.txt,1,0.08,0.03735,0.0030333491221011355,9.68232,2.239095806947451,0.4065533333333333,0.0737165668617649,0.51748,0.17410765476645723
2,.\df_2.txt,1,0.16,0.029006666666666667,0.0013923270853659644,8.727039999999999,1.291766639702495,0.44033,0.0556229929510053,0.5692,0.16303886991588318
2,.\df_2.txt,2,0.02,0.05082333333333333,0.003794522670751959,8.80246,1.888079802083186,0.37234,0.07900737896573005,0.4965866666666667,0.15546584442124
2,.\df_2.txt,2,0.04,0.04321333333333333,0.0030540796156699277,8.6097,1.8893216394360652,0.3707766666666667,0.07616195848020343,0.43772666666666665,0.18596283635648042
2,.\df_2.txt,2,0.08,0.03542666666666667,0.001358227377575419,8.37197,1.6375950832410227,0.38741,0.07339738015619565,0.5209233333333334,0.1413520664092355
2,.\df_2.txt,2,0.16,0.031013333333333334,0.003305036212784375,7.41275,1.0397905829441378,0.44745,0.04984172708304448,0.6131833333333333,0.13658532279238073
2,.\df_3.txt,1,0.01,0.02799,0.005713465643125233,6.3289833333333325,2.147968292658057,0.44515999999999994,0.10294740404692096,0.5105133333333334,0.1952952737626361
2,.\df_3.txt,1,0.02,0.04928333333333333,0.0022916765934999205,6.028906666666667,1.8888952547460909,0.46688666666666667,0.10692169140054801,0.5648066666666666,0.19412320995614657
2,.\df_3.txt,1,0.04,0.04303666666666666,0.002954655395430595,4.79818,1.9525812306648926,0.5252766666666667,0.11746806369607764,0.6580666666666667,0.22101514901009395
2,.\df_3.txt,1,0.08,0.03713333333333334,0.004070188789430927,4.308866666666666,1.4375322255658238,0.55874,0.0900151657720271,0.70179,0.19771970119686938
2,.\df_3.txt,1,0.16,0.02876333333333333,0.0008450600196326947,3.2614799999999997,0.5606514685982543,0.6019,0.06096865220524511,0.7863266666666667,0.13319997135065792
2,.\df_3.txt,2,0.02,0.048536666666666665,0.0023504193805293154,4.127586666666667,1.5273294673661792,0.46430666666666665,0.11125222952692967,0.5234366666666667,0.22389293390050233
2,.\df_3.txt,2,0.04,0.041756666666666664,0.0012984562009352191,3.8007766666666667,1.540419357744067,0.5161066666666667,0.10804884570170688,0.6132566666666667,0.22720791432811785
2,.\df_3.txt,2,0.08,0.035666666666666666,0.0018523672335193397,3.1735866666666666,1.129559279857699,0.54472,0.10751555268409084,0.6903266666666668,0.20184029694603692
2,.\df_3.txt,2,0.16,0.02885,0.000891240901680115,2.4405466666666666,0.3259705336094188,0.5915533333333334,0.07205726522193558,0.76192,0.15972989787720418
2,.\df_4.txt,1,0.01,0.028393333333333333,0.005838512643221512,9.391860000000001,3.3024128127675128,0.4449033333333333,0.14947493962103697,0.5576766666666667,0.22418246675933165
2,.\df_4.txt,1,0.02,0.05127333333333333,0.0045024846269689734,10.239893333333333,3.307980017549342,0.43742333333333333,0.14482635662997478,0.5895733333333334,0.20566402285973742
2,.\df_4.txt,1,0.04,0.04616666666666667,0.003399729536233762,8.52626,2.7654356569675573,0.48274333333333336,0.12194192140278215,0.6612833333333333,0.1867598200960229
2,.\df_4.txt,1,0.08,0.036693333333333335,0.002708980382476712,7.52829,2.139371983477781,0.5297533333333333,0.09042583828688047,0.7152066666666667,0.19152736535064882
2,.\df_4.txt,1,0.16,0.029893333333333334,0.0017853683737215288,6.472033333333333,1.1368404635392912,0.5741966666666667,0.062227322324507596,0.8005766666666666,0.17339536183458637
2,.\df_4.txt,2,0.02,0.050100000000000006,0.0021242442875299087,6.491403333333333,1.7914695656000592,0.46046000000000004,0.11283916414754781,0.6149933333333333,0.17195923320676174
2,.\df_4.txt,2,0.04,0.044239999999999995,0.0024530909425485616,6.534466666666666,2.0411886681173237,0.45528,0.1396056821291978,0.62169,0.2058277826325889
2,.\df_4.txt,2,0.08,0.037669999999999995,0.004408467557654989,6.401606666666667,2.282538348498841,0.4896066666666667,0.14646781671525433,0.70005,0.22228797375445672
2,.\df_4.txt,2,0.16,0.031136666666666663,0.004054157791983293,4.877619999999999,1.089103043920024,0.5647666666666668,0.07574363901064375,0.7997599999999999,0.1485376710607041
2,.\df_5.txt,1,0.01,0.02144,0.004926116187185924,2.4759933333333333,0.3016773315445099,0.34042333333333336,0.06521262667736148,0.00017666666666666671,0.0037752993334928112
2,.\df_5.txt,1,0.02,0.039,0.0005252257314388895,2.5648866666666668,0.3642137897494796,0.3211866666666667,0.08462212449485647,0.0015300000000000001,0.005875205058783788
2,.\df_5.txt,1,0.04,0.03697333333333333,0.0033831156149868456,2.50018,0.3012345430574563,0.34997333333333336,0.04725249078151831,-0.0008933333333333333,0.0020075604226460317
2,.\df_5.txt,1,0.08,0.030433333333333333,0.0009617990805071332,2.4354666666666662,0.28694009867894915,0.36386,0.029699931498818034,-0.00068,0.003727844898357079
2,.\df_5.txt,1,0.16,0.02546,0.0008088305734526386,2.38882,0.2831029268171098,0.36224666666666666,0.05265516140881638,-0.00129,0.00109461062199903
2,.\df_5.txt,2,0.02,0.04015333333333334,0.0018098834661158549,1.9596133333333334,0.21234499861494635,0.36189333333333334,0.04742691606900129,-0.00036999999999999994,0.0039044757694833704
2,.\df_5.txt,2,0.04,0.03654333333333334,0.003391844512267962,1.9615700000000003,0.22986461855202703,0.34865999999999997,0.06364342260893352,0.00014333333333333337,0.0037168473230667553
2,.\df_5.txt,2,0.08,0.03015,0.0011726039399558576,2.0044733333333333,0.21242915238170398,0.3504,0.07138640361224018,-0.0003233333333333333,0.0036991782249886102
2,.\df_5.txt,2,0.16,0.025453333333333335,0.0012667453091134457,1.8723366666666665,0.20935925645733414,0.37022333333333335,0.0427911260808169,-0.00119,0.0023543576618687313
2,.\df_6.txt,1,0.01,0.020756666666666666,0.004713932638417761,2.5168666666666666,0.5324092607379592,0.3822733333333333,0.09574372738374735,0.27509666666666666,0.13814558408540914
2,.\df_6.txt,1,0.02,0.03964666666666667,0.002496167176835847,2.5731800000000002,0.4754329971285341,0.39760333333333336,0.06726517510279147,0.25600666666666666,0.15538309705555076
2,.\df_6.txt,1,0.04,0.03533666666666667,0.0036695845234457607,2.6887666666666665,0.5126605601029374,0.3860766666666667,0.07727236506215433,0.23834666666666668,0.10974657243358235
2,.\df_6.txt,1,0.08,0.030019999999999998,0.0016566272342031106,2.667266666666667,0.503750494708978,0.37101999999999996,0.10096077558585093,0.2611366666666667,0.134678619974222
2,.\df_6.txt,1,0.16,0.02462,0.0018111531856993658,2.387776666666667,0.2600867927858106,0.41506666666666664,0.06872901978727428,0.24971,0.10885284704749262
2,.\df_6.txt,2,0.02,0.03968,0.0021988084547521778,2.056486666666667,0.4021487370521554,0.40830333333333335,0.06570805064480478,0.24347333333333332,0.146177270588767
2,.\df_6.txt,2,0.04,0.03532333333333334,0.0025914558993278118,2.1093233333333337,0.40140432766023815,0.4126033333333333,0.07933323208242356,0.25996,0.12088555031872947
2,.\df_6.txt,2,0.08,0.029906666666666668,0.0012060003240502034,1.9236466666666667,0.4558276714099183,0.40154333333333336,0.07649074175815423,0.22110666666666667,0.1377472921902537
2,.\df_6.txt,2,0.16,0.02441,0.0010710452516278118,1.80234,0.27015139127329435,0.40898666666666667,0.0843197106802164,0.23126,0.11879553457299126
2,.\df_7.txt,1,0.01,0.02813,0.006046780277481392,10.362683333333333,1.4132661423182074,0.36913,0.07155411335437702,0.48768,0.1717719466477935
2,.\df_7.txt,1,0.02,0.05016666666666667,0.002829442900366922,10.32213,1.869893707867947,0.37848,0.07742169971143037,0.48638333333333333,0.1544465850826044
2,.\df_7.txt,1,0.04,0.044623333333333334,0.004449539560319763,10.239943333333335,2.022968354651041,0.38427333333333336,0.05817144656446407,0.48957666666666666,0.1714695020300601
2,.\df_7.txt,1,0.08,0.03586666666666667,0.00242278456687161,9.23633,1.4406655095643384,0.41091333333333335,0.05255769725006875,0.5540466666666667,0.13805113678567119
2,.\df_7.txt,1,0.16,0.029623333333333335,0.0017843540960890824,8.947163333333332,1.2385739504277333,0.45327666666666666,0.040938176124099813,0.6142033333333333,0.14341635909989928
2,.\df_7.txt,2,0.02,0.04957666666666667,0.004146014566015078,8.846916666666665,1.947309906455983,0.37502,0.11033338632495168,0.4948166666666667,0.18995117718151597
2,.\df_7.txt,2,0.04,0.042616666666666664,0.0022755193925227536,8.117906666666666,1.7755697608982002,0.37843,0.05733026612351543,0.46415,0.1380803333146175
2,.\df_7.txt,2,0.08,0.03586333333333334,0.002138720747732532,8.14544,1.3399199056351243,0.3975666666666667,0.06503976679207742,0.5131966666666666,0.14446307363363883
2,.\df_7.txt,2,0.16,0.0287,0.0007497125886079547,7.067763333333334,0.8919971302270727,0.45452333333333333,0.04135968954840243,0.6034833333333334,0.12440714605080268
2,.\df_8.txt,1,0.01,0.02783333333333333,0.005382496109410217,6.1160966666666665,2.522075254761079,0.46892333333333336,0.1379391312120684,0.5562733333333333,0.26469125401875854
2,.\df_8.txt,1,0.02,0.050640000000000004,0.003972543699983155,5.251463333333334,1.5700048654621144,0.48069999999999996,0.11521153258844928,0.6182333333333333,0.18247198241871568
2,.\df_8.txt,1,0.04,0.04355666666666667,0.0025344091786957874,5.093566666666666,2.086261628935311,0.48580666666666666,0.11707563112065146,0.58961,0.2264069959775674
2,.\df_8.txt,1,0.08,0.03580333333333333,0.0027973489091531354,4.221896666666667,1.3923708207235237,0.5606233333333334,0.09329711043806208,0.7211166666666667,0.1901067977223063
2,.\df_8.txt,1,0.16,0.02861666666666667,0.0008379298519456203,3.33846,0.6131204098425669,0.6017866666666667,0.06654401568126549,0.78696,0.1409703627448472
2,.\df_8.txt,2,0.02,0.04885333333333333,0.0018630218932456594,4.09844,1.391470310090039,0.45592,0.10545752012883736,0.5527966666666667,0.18387192972346236
2,.\df_8.txt,2,0.04,0.042780000000000006,0.0024903122640371395,3.5441133333333332,1.2814514089926294,0.48706333333333335,0.12216175676574054,0.5993766666666667,0.21737962294397412
2,.\df_8.txt,2,0.08,0.03596333333333333,0.002217249512864723,3.040986666666667,1.090157491226915,0.5583333333333333,0.09957367860666985,0.7109566666666667,0.1950169978150151
2,.\df_8.txt,2,0.16,0.030293333333333335,0.003376177529787745,2.5187733333333333,0.37730007808048516,0.5969599999999999,0.06646423253823482,0.7739233333333334,0.1522960132231903
2,.\df_9.txt,1,0.01,0.0275,0.005864857349001587,11.292293333333333,4.222563700581824,0.44073,0.1600696187977874,0.58741,0.19889016263531853
2,.\df_9.txt,1,0.02,0.050113333333333336,0.0026870998766563244,11.38375,4.3671688621087705,0.44904,0.14600649631272314,0.5756066666666667,0.20085798024944154
2,.\df_9.txt,1,0.04,0.04507333333333333,0.006182563542255186,10.55241,4.113495744107815,0.48806666666666665,0.16095671153607027,0.6397600000000001,0.21486445061463993
2,.\df_9.txt,1,0.08,0.03552333333333334,0.0018201332526689524,6.78067,2.4111035783683556,0.6522966666666666,0.09770685742825704,0.8895666666666667,0.17037470941778712
2,.\df_9.txt,1,0.16,0.029146666666666668,0.001650649471620465,5.956096666666666,0.7868662711091354,0.6716366666666667,0.05536227698210835,0.9172433333333333,0.11505836504929182
2,.\df_9.txt,2,0.02,0.04998333333333334,0.0022488438919975543,7.623173333333333,3.4325926741823847,0.4934233333333333,0.1853132626091575,0.6282866666666667,0.2602375118516019
2,.\df_9.txt,2,0.04,0.04287,0.0034522506401996095,7.35703,2.9266304985897795,0.5121133333333333,0.15991517952864315,0.66084,0.2272573167138959
2,.\df_9.txt,2,0.08,0.03672333333333333,0.0017733045974683247,6.508713333333334,2.761057934389909,0.5569933333333333,0.16130066364387355,0.7312366666666666,0.24279703384448123
2,.\df_9.txt,2,0.16,0.03013,0.0019181798125054506,4.71248,0.7087471819076735,0.6744199999999999,0.05769069368564597,0.9283833333333333,0.08801505389786277
2,.\pontos_1.txt,1,0.01,0.07083666666666667,0.01294656080901832,15.00709,5.870242159273946,0.43814666666666663,0.17155357006573443,0.61284,0.13883054319614951
2,.\pontos_1.txt,1,0.02,0.11239666666666667,0.010611785359012268,14.157843333333334,6.478544850115188,0.47706333333333334,0.1303187563797622,0.62901,0.1791099206902152
2,.\pontos_1.txt,1,0.04,0.09500333333333333,0.005138662333206243,11.20211,5.2056601186858,0.5473866666666667,0.16176326195876561,0.7504066666666667,0.16331783046295476
2,.\pontos_1.txt,1,0.08,0.07773666666666666,0.0037897760222538987,6.540076666666667,0.7848617922188957,0.67897,0.025227258792958413,0.8746133333333332,0.08759211794697501
2,.\pontos_1.txt,1,0.16,0.05898333333333334,0.0018294682350312912,7.450019999999999,0.8343187038453632,0.7771866666666667,0.016156598595029822,0.7724233333333334,0.012245102703933745
2,.\pontos_1.txt,2,0.02,0.11369333333333334,0.004074981136688587,11.340309999999999,4.657052478386761,0.5045366666666667,0.14765185866698766,0.6563666666666667,0.13260858747179374
2,.\pontos_1.txt,2,0.04,0.09423000000000001,0.004899130816647038,10.155033333333334,4.6411071312433805,0.5189,0.13480764329093203,0.7017633333333334,0.1655785166044181
2,.\pontos_1.txt,2,0.08,0.07841999999999999,0.0042138850940915415,4.949656666666667,0.634131410118479,0.6815866666666667,0.022790027058635413,0.8454533333333334,0.09591088799912971
2,.\pontos_1.txt,2,0.16,0.05961333333333333,0.00279824246975494,5.681046666666666,0.5660444808483257,0.78156,0.01504099226367272,0.7765666666666667,0.01103559548987243
2,.\pontos_10.txt,1,0.01,0.07063666666666667,0.013671805453846109,14.677356666666666,6.733798852094655,0.4149233333333333,0.17849020002719232,0.5842333333333334,0.1719970335215985
2,.\pontos_10.txt,1,0.02,0.11198,0.00424803402804736,13.221763333333334,5.659315338660879,0.44972666666666666,0.17005235894161888,0.6103766666666667,0.14447229941705286
2,.\pontos_10.txt,1,0.04,0.09624333333333333,0.006816647134839789,11.016770000000001,5.3866022714822686,0.54566,0.15468073816290348,0.75863,0.15033098001318337
2,.\pontos_10.txt,1,0.08,0.07887666666666666,0.0036932074960927164,9.255253333333334,5.785931620257783,0.6438933333333333,0.13408430424057158,0.8872166666666667,0.11771903453543113
2,.\pontos_10.txt,1,0.16,0.05801,0.005417490830315427,7.841053333333334,0.9202176596846002,0.6715433333333334,0.04163065584094401,0.7530933333333334,0.10377050585333714
2,.\pontos_10.txt,2,0.02,0.11446,0.004142013503366323,11.024146666666667,5.725609851675994,0.4712533333333333,0.17012858369041264,0.6539666666666667,0.16866281468501365
2,.\pontos_10.txt,2,0.04,0.09539,0.004934910822657913,9.384023333333333,5.079582738883276,0.5253599999999999,0.17004390224190685,0.7169466666666667,0.16294508855764106
2,.\pontos_10.txt,2,0.08,0.08058000000000001,0.0045033627282364186,6.319266666666667,4.046460249559406,0.66104,0.10188768867458067,0.8981233333333333,0.11539933868015059
2,.\pontos_10.txt,2,0.16,0.0666,0.005676144879198837,5.19064,0.6636916840282663,0.69453,0.025750060595844337,0.89771,0.08826120852919749
2,.\pontos_2.txt,1,0.01,0.07008333333333333,0.012066799230871499,21.797379999999997,7.503163917349846,0.43110333333333334,0.19691150206038793,0.6106866666666666,0.17713644406527965
2,.\pontos_2.txt,1,0.02,0.11796333333333334,0.009777436492650624,19.786076666666666,6.984694279621809,0.48538333333333333,0.20555095363493184,0.6974933333333334,0.1534014767121597
2,.\pontos_2.txt,1,0.04,0.09383666666666667,0.0036074141405734376,15.437996666666667,6.876547796652306,0.5953966666666666,0.15570988382097084,0.7826666666666667,0.13855088778404537
2,.\pontos_2.txt,1,0.08,0.08144666666666667,0.005745026834866251,7.036866666666667,0.882121338253587,0.8020033333333333,0.012872356999114189,0.98176,0.02188529028901566
2,.\pontos_2.txt,1,0.16,0.06465333333333333,0.0034431073909692578,7.548473333333334,1.4759538549775157,0.7918833333333333,0.01462958936735655,0.9532266666666668,0.0508953011402911
2,.\pontos_2.txt,2,0.02,0.11588,0.004761367523060488,15.358376666666667,6.442272524328092,0.5301933333333333,0.16055128073960181,0.6792833333333334,0.17431812196004795
2,.\pontos_2.txt,2,0.04,0.09737333333333334,0.0037177053854943027,12.691643333333333,6.787343393439826,0.58054,0.18754901446711525,0.7762766666666666,0.1530190267261881
2,.\pontos_2.txt,2,0.08,0.08149,0.002735129070900082,6.102486666666667,3.2156448056910483,0.7815933333333334,0.061284182204756135,0.95613,0.07271283219293033
2,.\pontos_2.txt,2,0.16,0.06799666666666668,0.004714064307882379,5.42429,0.9877266965805525,0.7896233333333333,0.017113811388170808,0.9412066666666666,0.06731564829775563
2,.\pontos_3.txt,1,0.01,0.07101666666666667,0.01242617047378951,15.28473,2.2364842139871675,0.47847666666666666,0.16181314187993964,0.64706,0.1511726840860911
2,.\pontos_3.txt,1,0.02,0.11284666666666668,0.004353019826418826,15.451363333333335,3.9181355182846445,0.51388,0.1496310805810814,0.6996133333333333,0.12979004991705362
2,.\pontos_3.txt,1,0.04,0.09832666666666667,0.005737831702279022,12.927420000000001,2.9981993931300694,0.6060966666666666,0.1347856266851905,0.7732766666666666,0.1372551730909618
2,.\pontos_3.txt,1,0.08,0.08054666666666667,0.004015807844466435,8.700803333333333,2.4172209635323436,0.8012533333333334,0.06026885015371184,0.9721733333333333,0.07933119547008377
2,.\pontos_3.txt,1,0.16,0.06704333333333333,0.00242837867485813,7.942670000000001,1.042704506080222,0.8200933333333332,0.002447367809586937,0.9975166666666666,0.0039413881095224325
2,.\pontos_3.txt,2,0.02,0.11585333333333334,0.0036654710694424444,11.639146666666667,3.9595193646611246,0.5722133333333334,0.15384462545571487,0.71391,0.16365735936969678
2,.\pontos_3.txt,2,0.04,0.09609333333333334,0.003472545854649536,11.14523,2.3973983902311184,0.5914666666666667,0.12257678897492097,0.73858,0.1311976566233112
2,.\pontos_3.txt,2,0.08,0.08239,0.0038756845891381245,6.023916666666667,2.224603149743921,0.79857,0.07250655689731411,0.9742966666666667,0.07864441792819354
2,.\pontos_3.txt,2,0.16,0.06929333333333335,0.0024618374597363043,5.641353333333333,0.5743066282608688,0.8214433333333333,0.0008580986734247751,0.9997933333333333,0.001131959952177336
2,.\pontos_4.txt,1,0.01,0.07030333333333334,0.01163011795633049,17.10121,7.897644156169785,0.5159966666666667,0.15550551045416106,0.63579,0.19076461999380104
2,.\pontos_4.txt,1,0.02,0.11014333333333333,0.0036491551533654105,13.669676666666668,3.117646221295951,0.55768,0.1502174272455625,0.6927333333333333,0.1646870874768547
2,.\pontos_4.txt,1,0.04,0.09598333333333334,0.007300169262720408,11.838470000000001,3.6625415149018186,0.6020366666666667,0.12439175735896074,0.7585633333333334,0.13763108230371496
2,.\pontos_4.txt,1,0.08,0.07786333333333334,0.002433173510733121,8.023950000000001,2.0865001620020265,0.75065,0.04206940693663268,0.9622566666666666,0.0831454549459014
2,.\pontos_4.txt,1,0.16,0.06104,0.005009205319313082,9.341526666666665,1.765276140346932,0.7210366666666667,0.04783192905143601,0.8534133333333334,0.1313363508609527
2,.\pontos_4.txt,2,0.02,0.11478333333333333,0.004823583110405426,11.653153333333334,4.135446324887193,0.5138433333333333,0.17638711674615862,0.6874866666666667,0.1368860203772198
2,.\pontos_4.txt,2,0.04,0.09429666666666667,0.0028312886469413264,9.96716,2.219204734785989,0.5925100000000001,0.13743256741473944,0.7352633333333334,0.12837502035277232
2,.\pontos_4.txt,2,0.08,0.07997333333333333,0.0029809664405256596,5.544993333333333,1.6068181739362903,0.7551266666666667,0.03814160488218219,0.9751033333333333,0.06188032099493976
2,.\pontos_4.txt,2,0.16,0.06619333333333334,0.004637027387077387,5.814276666666667,0.9508915387163241,0.7466733333333333,0.0380697991746135,0.9510900000000001,0.0872342085304328
2,.\pontos_5.txt,1,0.01,0.07114333333333334,0.011754637627214477,14.431596666666668,2.974621382744056,0.5371033333333333,0.11660060768556775,0.69818,0.11597742764925392
2,.\pontos_5.txt,1,0.02,0.10822,0.0039337969724796,13.346713333333334,5.414136234718513,0.5734633333333333,0.10954208601809355,0.7172933333333333,0.1578706016032584
2,.\pontos_5.txt,1,0.04,0.09427333333333333,0.007316675961557733,10.41833,4.55483286586517,0.6206200000000001,0.1312069499841298,0.82018,0.1569832461959138
2,.\pontos_5.txt,1,0.08,0.07715666666666667,0.0049014905075295545,7.17086,0.917579676743341,0.71734,0.03238529466200405,0.93593,0.07509393726389037
2,.\pontos_5.txt,1,0.16,0.058936666666666665,0.004633795147744918,9.211343333333334,1.2702090780066775,0.6991766666666667,0.03391792002541685,0.7512133333333334,0.049926744497232695
2,.\pontos_5.txt,2,0.02,0.11221666666666666,0.004153111283523875,12.17139,4.00786780740342,0.5118866666666667,0.11161166894047483,0.6154466666666667,0.15899378372869746
2,.\pontos_5.txt,2,0.04,0.09247,0.003926404866084727,9.341980000000001,4.01771096275925,0.6045733333333333,0.1105474930963387,0.75672,0.14843544376434234
2,.\pontos_5.txt,2,0.08,0.07758333333333334,0.004355265012985244,5.389996666666667,1.136628813484718,0.7190866666666668,0.04893806594922377,0.9536033333333334,0.058757593688747646
2,.\pontos_5.txt,2,0.16,0.058390000000000004,0.002395448269905468,7.395866666666667,0.8568095528675306,0.71052,0.03426322447937636,0.7690466666666667,0.04053418934365316
2,.\pontos_6.txt,1,0.01,0.07093333333333333,0.012968751125190366,16.05567,3.1810585856944997,0.45183666666666666,0.1754420613338132,0.6324933333333334,0.16229396260751838
2,.\pontos_6.txt,1,0.02,0.11707666666666668,0.003971422339955654,14.817516666666666,2.741142623078462,0.46552,0.15382881304923968,0.6431533333333334,0.15945374798707754
2,.\pontos_6.txt,1,0.04,0.09981333333333334,0.00454174000784398,13.206883333333334,3.199518963745615,0.5758533333333333,0.14138777621975604,0.7748933333333333,0.1264850732186468
2,.\pontos_6.txt,1,0.08,0.08299666666666666,0.0034534823338023663,8.967793333333333,3.3144846166104207,0.7361633333333334,0.13925737145927725,0.9295899999999999,0.12421284666193778
2,.\pontos_6.txt,1,0.16,0.06982000000000001,0.002905927355097413,7.411543333333333,0.8733821301691777,0.81335,0.00027386127875258436,0.9998966666666667,0.000565979976088665
2,.\pontos_6.txt,2,0.02,0.11564666666666668,0.0033068094147905023,11.69051,3.517920137823406,0.5087066666666666,0.17608550417796803,0.7015633333333333,0.14708905696264737
2,.\pontos_6.txt,2,0.04,0.09604333333333333,0.003230958364637803,10.45969,3.4430540146543716,0.5749466666666667,0.1715144283331195,0.7604333333333333,0.16100224314850575
2,.\pontos_6.txt,2,0.08,0.08529666666666666,0.0060196507707921745,6.266326666666667,2.5140236023270486,0.7579966666666667,0.11748478546642521,0.9477866666666667,0.11023749200557022
2,.\pontos_6.txt,2,0.16,0.06810666666666668,0.002534307132862582,5.343516666666667,0.5506406626538003,0.8134,0.0,1.0,0.0
2,.\pontos_7.txt,1,0.01,0.07084333333333334,0.01087663371266773,16.40456,7.450489995577936,0.50749,0.1295746019972997,0.5796566666666667,0.1064569904519753
2,.\pontos_7.txt,1,0.02,0.10431333333333333,0.003952104051866754,15.093056666666666,8.222364554977725,0.5145033333333333,0.11816927800561285,0.5946533333333334,0.12225631563499562
2,.\pontos_7.txt,1,0.04,0.09248333333333332,0.0049212476223940965,9.762486666666666,6.11079392983592,0.60934,0.08892316947210958,0.68599,0.10210214408907485
2,.\pontos_7.txt,1,0.08,0.07606,0.0073342653535212405,6.261676666666667,0.6099511708457425,0.67294,0.04178222357530235,0.74058,0.023581091197588104
2,.\pontos_7.txt,1,0.16,0.050910000000000004,0.002692178966229195,10.17952,1.2446571843213532,0.85522,0.03228260340738679,0.51153,0.09163011156179822
2,.\pontos_7.txt,2,0.02,0.10923666666666666,0.008234472674669887,11.453266666666668,5.705914023811298,0.52167,0.1473472655164405,0.56603,0.12851605333777272
2,.\pontos_7.txt,2,0.04,0.09190666666666666,0.003984360229294235,7.315603333333333,4.55623859222702,0.6003566666666666,0.08655626706262289,0.6957766666666667,0.09259220449548294
2,.\pontos_7.txt,2,0.08,0.07415333333333333,0.004292715026513007,4.74821,0.555120760611661,0.6614733333333334,0.041952336939825446,0.7380233333333333,0.023026891076384552
2,.\pontos_7.txt,2,0.16,0.05276,0.005132358468411559,7.242373333333333,1.0953243062290234,0.8445433333333334,0.04324290400894042,0.5413,0.12165177833642138
2,.\pontos_8.txt,1,0.01,0.07092333333333332,0.013129111725956318,14.041136666666667,4.705362694399931,0.48054,0.13695191856998573,0.6892066666666667,0.12773862303975236
2,.\pontos_8.txt,1,0.02,0.11837,0.0052798347675295475,15.555943333333333,4.5942912856840765,0.4239133333333333,0.13823923973423335,0.6039033333333333,0.14086445792231317
2,.\pontos_8.txt,1,0.04,0.10159333333333334,0.004565986189757639,14.311616666666668,4.703914240882238,0.4768833333333333,0.1644383734964589,0.6629066666666666,0.16839640002158568
2,.\pontos_8.txt,1,0.08,0.08205333333333334,0.005590369387174473,9.463033333333334,3.9022097511921183,0.6511133333333333,0.11158097642004472,0.8778066666666666,0.10781100619821368
2,.\pontos_8.txt,1,0.16,0.06799666666666668,0.006349775088785502,7.571033333333333,0.8519997261345411,0.6882833333333332,0.0413613686438439,0.85102,0.08158010406533164
2,.\pontos_8.txt,2,0.02,0.11520666666666667,0.004532330856028243,10.92418,3.930629250001266,0.4184466666666667,0.18481405143872418,0.5640433333333333,0.17945607796767493
2,.\pontos_8.txt,2,0.04,0.09612,0.004968132931754768,9.674003333333333,3.929911038256361,0.49265333333333333,0.18446494804561453,0.6999966666666667,0.17496446433950297
2,.\pontos_8.txt,2,0.08,0.08123333333333332,0.003877017457765194,6.723803333333334,2.565031029923666,0.65751,0.09851561175073063,0.8741466666666666,0.12057925347179792
2,.\pontos_8.txt,2,0.16,0.06621666666666667,0.004266556661656613,5.575163333333333,0.7250276425090968,0.7003533333333334,0.02426859377216079,0.8808233333333334,0.06677315526742629
2,.\pontos_9.txt,1,0.01,0.07091333333333334,0.012400938043866529,11.709866666666667,4.4912760310546975,0.46799,0.10493266593063547,0.64316,0.1255279213341907
2,.\pontos_9.txt,1,0.02,0.11319333333333333,0.005096918158323094,13.182996666666666,3.484278126540984,0.4220333333333333,0.1420675005504203,0.6569133333333333,0.12494938763861296
2,.\pontos_9.txt,1,0.04,0.09849666666666666,0.006182092232231424,11.41315,3.0264895576535875,0.45841333333333334,0.1392709681689355,0.6841033333333333,0.13672647369546034
2,.\pontos_9.txt,1,0.08,0.08389333333333333,0.006787815317287971,8.26221,2.5238626849841044,0.6231566666666667,0.10436453580279714,0.86304,0.13272295906160683
2,.\pontos_9.txt,1,0.16,0.06251333333333334,0.005873126015624243,7.373953333333334,0.8805957516063352,0.6367366666666666,0.03889732269248975,0.80771,0.09079521994861425
2,.\pontos_9.txt,2,0.02,0.11563,0.004920621631600964,10.485333333333333,3.133968782421963,0.4054566666666667,0.16236606933489636,0.6291100000000001,0.1524558033185921
2,.\pontos_9.txt,2,0.04,0.09657333333333334,0.004268403023124235,9.327599999999999,3.0095824166748812,0.4539233333333333,0.14327269317352626,0.6722033333333334,0.16174447170285847
2,.\pontos_9.txt,2,0.08,0.07986,0.0029933950279078525,6.99623,2.8566989858865974,0.5910333333333334,0.11230949028998127,0.8222566666666666,0.1417728140938592
2,.\pontos_9.txt,2,0.16,0.06621666666666667,0.0042148410477112035,5.355983333333333,0.6780346772147774,0.6537266666666667,0.03021640264005211,0.8740966666666666,0.06721352226087132
2,real1.txt,1,0.01,0.12239333333333334,0.0092871410297113,321.5569666666667,94.29643319121386,0.74181,0.09474786996059045,0.02112666666666667,0.012061564298768772
2,real1.txt,1,0.02,0.07735,0.007817343670900333,496.9222,218.61789335393007,0.41897666666666666,0.247898869373746,0.019443333333333333,0.01218766146371087
2,real1.txt,1,0.04,0.09949000000000001,0.0068230011598699215,297.8537,73.7971396759737,0.7905933333333334,0.05537310397366361,0.027893333333333332,0.010859476501427566
2,real1.txt,1,0.08,0.08676,0.007950606136077579,278.0054333333334,60.58902285732745,0.8282766666666667,0.03554774044260354,0.030526666666666664,0.00787067597032714
2,real1.txt,1,0.16,0.06148666666666667,0.00867214062319712,315.5038666666667,48.902427616726705,0.79811,0.042604762158949906,0.015603333333333334,0.00823464017735898
2,real1.txt,2,0.02,0.10995666666666667,0.005436954226804545,337.82921,119.18584710826501,0.7743633333333333,0.06079147219762012,0.02748,0.009334858660252793
2,real1.txt,2,0.04,0.10996666666666667,0.005943024501874873,328.4207666666667,98.59129207468274,0.78932,0.04830039908452245,0.025756666666666667,0.009042874250626496
2,real1.txt,2,0.08,0.08549999999999999,0.005936270743895324,267.24097,58.46212544802655,0.8403266666666667,0.035291279897187215,0.02613,0.0074598303576902635
2,real1.txt,2,0.16,0.05667,0.004388869149768892,325.70589666666666,47.127981127662345,0.7959499999999999,0.04739552394113999,0.01446,0.009244330974841487
2,real10.txt,1,0.01,0.29466000000000003,0.06689855212081999,0.5326666666666667,0.08932441197518538,0.17720666666666668,0.04452802243092764,0.03427,0.0174287149109817
2,real10.txt,1,0.02,0.32965666666666665,0.00948485847178993,0.5186666666666667,0.07262246889569197,0.20943333333333333,0.0310138493350102,0.03904666666666667,0.016166946555226196
2,real10.txt,1,0.04,0.26819666666666664,0.011885705217013714,0.47533333333333333,0.06262825920121612,0.2533333333333333,0.022094504439719435,0.04378,0.009958583197942609
2,real10.txt,1,0.08,0.22703666666666666,0.015612737579061649,0.3736666666666667,0.04788515955645472,0.26358666666666664,0.020414087991035675,0.058736666666666666,0.00625517624732169
2,real10.txt,1,0.16,0.1486333333333333,0.011525304493945518,0.3426666666666666,0.01946408422486512,0.23718333333333333,0.03906119057575438,0.07570333333333333,0.010374819760240237
2,real10.txt,2,0.02,0.35251333333333335,0.008422864339294608,0.4002166666666667,0.058496395900374344,0.22216666666666668,0.026933498349329465,0.037156666666666664,0.01653557676195707
2,real10.txt,2,0.04,0.27835666666666664,0.009492962305483618,0.38969,0.04982895121623918,0.24921000000000001,0.025091039065357784,0.038669999999999996,0.01661059383604954
2,real10.txt,2,0.08,0.23289666666666667,0.009121270454966437,0.33203666666666665,0.04240321623563992,0.2825366666666667,0.013999248337785443,0.054753333333333334,0.006199150850267139
2,real10.txt,2,0.16,0.16205999999999998,0.012280053914292521,0.23859333333333332,0.015183973704905592,0.23652333333333334,0.03237001255241768,0.07517333333333333,0.010110456633274947
2,real2.txt,1,0.01,0.13797333333333334,0.010119354393108947,18.066666666666666,3.331493745260922,0.40182,0.08375955900157266,0.11770666666666667,0.08893160461191833
2,real2.txt,1,0.02,0.07076666666666667,0.009468362321831124,17.733333333333334,3.0954174509106682,0.37493,0.10680885973195939,0.14493333333333333,0.10788519866948396
2,real2.txt,1,0.04,0.11713333333333334,0.01253649385438048,18.2,4.318364952394479,0.35157,0.10461528915095505,0.1389,0.13707735545782296
2,real2.txt,1,0.08,0.10076666666666667,0.009505872353203694,18.333333333333332,3.594376194819493,0.36916,0.09507932659010362,0.14903333333333332,0.12558871389369056
2,real2.txt,1,0.16,0.08017,0.003103740790812229,16.9,2.6307203681068834,0.3977,0.06896929851702882,0.14847666666666667,0.14318465214259313
2,real2.txt,2,0.02,0.11854333333333335,0.0034788705393970962,13.655323333333333,2.8098583640440857,0.38505333333333336,0.08309573927138185,0.14465999999999998,0.13066560532057814
2,real2.txt,2,0.04,0.10475,0.004204574684300666,14.081199999999999,3.048970363909757,0.41764666666666667,0.05315136961503459,0.13602,0.11727924060063687
2,real2.txt,2,0.08,0.09292333333333333,0.007092525610826505,14.274256666666668,3.1368786982234136,0.39461999999999997,0.09191048643784548,0.09914333333333333,0.06980061102061053
2,real2.txt,2,0.16,0.07799333333333333,0.003770661090242832,13.267806666666667,2.4351050572724824,0.4306733333333333,0.0318845755957256,0.1410266666666667,0.11195993105088776
2,real3.txt,1,0.01,0.3946133333333333,0.05752157456320093,24.766666666666666,6.123348944723841,0.5636166666666667,0.04696700296821259,0.07804333333333333,0.012548682671165498
2,real3.txt,1,0.02,0.26317666666666667,0.012925774393751466,28.666666666666668,4.773008400935651,0.5392733333333334,0.06126276324913481,0.07973333333333334,0.012530798838870167
2,real3.txt,1,0.04,0.3031466666666667,0.03559667490606132,17.5,4.216143032318225,0.5666366666666666,0.045301468982297054,0.07084666666666667,0.007869133647855783
2,real3.txt,1,0.08,0.25107333333333337,0.01362368458271093,4.966666666666667,0.5560534167675355,0.5040333333333333,0.08135500465004718,0.04984,0.014182203515382375
2,real3.txt,1,0.16,0.15984,0.009292881962685944,9.633333333333333,1.2726115785600325,0.61214,0.10319309853961602,0.021493333333333333,0.016853239396653678
2,real3.txt,2,0.02,0.33107333333333333,0.009368249140262188,19.6,6.2012234610432415,0.56345,0.048821700587708544,0.07724333333333333,0.009996195253206585
2,real3.txt,2,0.04,0.27546,0.008431533586524447,15.933333333333334,5.783050938814178,0.5743533333333333,0.0445858160013445,0.07156666666666665,0.008005615844984774
2,real3.txt,2,0.08,0.24382333333333334,0.009524005363339494,5.066666666666666,0.639683829949492,0.5005000000000001,0.0930053205745371,0.050133333333333335,0.014122745980261364
2,real3.txt,2,0.16,0.16219,0.010264883223213353,9.3,1.7250687142735843,0.6384899999999999,0.05974830166393132,0.021236666666666668,0.01740714247644921
2,real4.txt,1,0.01,0.20456333333333332,0.006884539567572491,3113.6,1194.8296545735195,0.47801333333333335,0.07020194384445654,-0.0008833333333333333,0.00044418335242860313
2,real4.txt,1,0.02,0.11062666666666666,0.013829078143493533,2988.0,1003.0713867400226,0.47956333333333334,0.07228260382755976,-0.0009933333333333333,0.00033521309057367373
2,real4.txt,1,0.04,0.15913666666666665,0.004930376171794838,2884.233333333333,881.029166346962,0.5088666666666667,0.046214651605183676,-0.0010833333333333333,0.00038424429489703496
2,real4.txt,1,0.08,0.12987666666666667,0.00498803280506131,2182.9666666666667,523.2530529975573,0.5316033333333333,0.02414848440069429,-0.0009966666666666668,0.0004715954822202761
2,real4.txt,1,0.16,0.10097,0.008187086130629429,1852.4666666666667,279.12544866413396,0.55665,0.031205986936638536,-0.0010266666666666666,0.0002839783057927481
2,real4.txt,2,0.02,0.17341,0.0048750137046668545,2954.4383900000003,1137.47900900911,0.4826566666666666,0.06072172640390971,-0.0009466666666666667,0.0004321025846696139
2,real4.txt,2,0.04,0.15697333333333333,0.00879129402162803,2778.1380999999997,727.4922723672144,0.50634,0.051034968404026666,-0.0011,0.0003039963702142647
2,real4.txt,2,0.08,0.12881666666666666,0.005629300399561724,2225.64192,653.9708651629617,0.53604,0.024673098571185752,-0.0009800000000000002,0.0003925161977769088
2,real4.txt,2,0.16,0.11277,0.009723740943229335,1891.6754366666669,314.0535684231225,0.5608833333333333,0.021227131034457333,-0.0008933333333333333,0.0003016430104397024
2,real5.txt,1,0.01,0.3113,0.029840021725054493,5832.566666666667,988.0884604867757,0.5215533333333333,0.07345011787663758,0.34292,0.17282140153229347
2,real5.txt,1,0.02,0.3108333333333333,0.02262022795295568,5904.9,1144.5176171042842,0.5237266666666667,0.0789126401890673,0.34029666666666664,0.1961263236184576
2,real5.txt,1,0.04,0.3969633333333334,0.012593717189284427,5518.966666666666,1102.6871092560846,0.52971,0.07558272631521955,0.35741333333333336,0.17372519467356431
2,real5.txt,1,0.08,0.36545999999999995,0.010408835769141788,4949.366666666667,941.2975447838434,0.5660233333333333,0.06141574370397745,0.43582333333333334,0.15530164127145984
2,real5.txt,1,0.16,0.3309366666666667,0.006816131137101229,4805.3,766.8013792191651,0.5396233333333333,0.07621360039426996,0.36488333333333334,0.183340203998738
2,real5.txt,2,0.02,0.43426333333333333,0.0119402675223693,5586.415356666666,1042.8742768592406,0.5389700000000001,0.07601338879343605,0.37201333333333336,0.1819214092030863
2,real5.txt,2,0.04,0.3981733333333333,0.011250285309281266,5108.799146666667,1128.485551005096,0.5532333333333334,0.0623277451548823,0.42101666666666665,0.1447296887859984
2,real5.txt,2,0.08,0.3822233333333333,0.02435569300203127,5214.368483333334,1040.2946344538834,0.5268566666666666,0.08650224905720096,0.35311,0.1986362389238004
2,real5.txt,2,0.16,0.31640666666666667,0.007310640961254209,4654.00281,800.9988773958632,0.5530566666666666,0.05764243936625126,0.39141333333333334,0.14938702739536314
2,real6.txt,1,0.01,0.04731666666666667,0.009213598770233627,64.36666666666666,10.886509631375107,0.32332666666666665,0.11213749544669468,0.031406666666666666,0.034377317434945216
2,real6.txt,1,0.02,0.08455666666666667,0.005897555503726967,66.43333333333334,9.387017202179985,0.32983666666666667,0.09061606572686816,0.019556666666666667,0.034705844517576016
2,real6.txt,1,0.04,0.07599,0.005641860172575761,64.4,8.950438247794697,0.3331233333333333,0.08276332972474244,0.0212,0.037274230721264644
2,real6.txt,1,0.08,0.06915,0.007114470440951483,65.16666666666667,7.732971652263615,0.3350733333333334,0.07552064313967331,0.016433333333333335,0.0367218091107698
2,real6.txt,1,0.16,0.053886666666666666,0.006564519749397505,61.1,6.471955415216619,0.3683533333333333,0.05435553287405974,0.03126333333333333,0.037674746717527983
2,real6.txt,2,0.02,0.08206666666666668,0.0033801992731844637,53.745196666666665,7.542012614656891,0.31789999999999996,0.09349224566775581,0.01182,0.03533324506603591
2,real6.txt,2,0.04,0.07331,0.004652426137567069,51.040780000000005,6.3304475056393255,0.35864,0.075567679644783,0.024923333333333336,0.03615637191263881
2,real6.txt,2,0.08,0.06057666666666666,0.0031923057641701585,49.77850333333333,7.254102266350962,0.34850333333333333,0.07622104191025636,0.018226666666666665,0.04110820820236751
2,real6.txt,2,0.16,0.05122333333333333,0.002297627461975284,49.8096,8.409976060115994,0.3736366666666667,0.05797816761109505,0.0211,0.04106061961001832
2,real7.txt,1,0.01,1.0646166666666668,0.08106764771317303,78.9,15.512731145295042,0.2675133333333333,0.07520634480448159,0.20098333333333332,0.038220531432575686
2,real7.txt,1,0.02,1.1192266666666666,0.057237863844410375,79.16666666666667,17.71242177279751,0.2862466666666667,0.07028288030785175,0.21613666666666667,0.044820688598422725
2,real7.txt,1,0.04,1.15522,0.024555165198610136,62.56666666666667,11.452099140011132,0.3953933333333334,0.04561354104251042,0.22962999999999997,0.03236595859637203
2,real7.txt,1,0.08,1.06692,0.02716390099454382,44.7,7.358551206730097,0.42743000000000003,0.030782262581804668,0.22222333333333333,0.020948486626819203
2,real7.txt,1,0.16,0.8476166666666667,0.03193856261025525,46.733333333333334,4.8489837778818075,0.45864333333333335,0.0726024350467162,0.19344999999999998,0.05240261739975234
2,real7.txt,2,0.02,1.3209833333333334,0.027531951135604863,59.82674,9.85739979079606,0.31773,0.06355849410121193,0.21089,0.03257683067076545
2,real7.txt,2,0.04,1.1989533333333333,0.03292730481376895,46.22972333333333,10.053985737376385,0.3953933333333334,0.05305823042744597,0.23471,0.03224324949397989
2,real7.txt,2,0.08,1.0627766666666667,0.01803071485440656,34.28683,5.243670174808138,0.43027,0.029018866039300997,0.23335,0.019702612289604713
2,real7.txt,2,0.16,0.8595066666666666,0.04892257735149123,34.192096666666664,3.4542711527737735,0.45742999999999995,0.05797626238384119,0.21577666666666667,0.032168014562909235
2,real8.txt,1,0.01,0.5355133333333334,0.04574906619234173,4.333333333333333,0.4794633014853842,0.5059466666666667,0.0521926123278879,0.006616666666666667,0.0043359033051100625
2,real8.txt,1,0.02,0.53099,0.03899781912558348,4.366666666666666,0.4901325178535608,0.4808833333333334,0.05673338178881463,0.00477,0.004496676933945318
2,real8.txt,1,0.04,0.6888966666666667,0.02991300585932866,4.366666666666666,0.4901325178535608,0.5050933333333333,0.057193078513794446,0.006496666666666667,0.004053136999933494
2,real8.txt,1,0.08,0.6098166666666667,0.025621476488900098,4.2,0.4068381021724863,0.4354733333333333,0.05628067551817061,0.0029733333333333335,0.0029225559589738117
2,real8.txt,1,0.16,0.56289,0.014461181093558343,4.1,0.4025778999364487,0.4542033333333333,0.029134036065592835,0.004013333333333333,0.0031524192497884517
2,real8.txt,2,0.02,0.7382666666666666,0.02846719022910815,3.333746666666667,0.2988054490263121,0.5107,0.05554694814547295,0.00565,0.004255523793685177
2,real8.txt,2,0.04,0.6669066666666666,0.02076307952266156,3.33421,0.22727232085668986,0.49149333333333334,0.05692687343900269,0.004903333333333333,0.0039805114325131416
2,real8.txt,2,0.08,0.5946533333333334,0.014854785211444866,3.2603266666666664,0.19596522375038947,0.5007066666666666,0.0468761459323531,0.006903333333333333,0.004466618201830054
2,real8.txt,2,0.16,0.5504266666666666,0.013069837171065333,3.20193,0.2223093606386969,0.46353333333333335,0.0384443111197387,0.00397,0.003611585763087723
2,real9.txt,1,0.01,1.18366,0.0642907383258487,0.8039333333333333,0.08501761818763715,0.26166,0.04635848023452852,0.00378,0.004571757377337666
2,real9.txt,1,0.02,1.1444366666666668,0.02655138782441133,0.8137000000000001,0.08197146265411624,0.25256666666666666,0.07963779787622656,0.0038066666666666665,0.00405844656312574
2,real9.txt,1,0.04,1.18663,0.024462640763078837,0.6875,0.1003063411204173,0.39237666666666665,0.028490865848225973,0.0037566666666666664,0.0017964876331586458
2,real9.txt,1,0.08,1.1011333333333333,0.027909167117551217,0.5085666666666666,0.10524771545831958,0.3578466666666667,0.0658181126592292,0.0033833333333333332,0.0022479236907733836
2,real9.txt,1,0.16,0.9153633333333333,0.03007470564345108,0.4063,0.03487035100641151,0.3874333333333333,0.060855732925378984,0.0031,0.0026590120021515898
2,real9.txt,2,0.02,1.3596466666666667,0.028481545547628006,0.6178633333333334,0.046395930880831035,0.3444966666666666,0.042259791628754484,0.0020766666666666668,0.0018096834040761123
2,real9.txt,2,0.04,1.22401,0.03539409019440468,0.5754633333333333,0.045325607311550935,0.40507333333333334,0.02222925896252481,0.0036166666666666665,0.0011820739615500855
2,real9.txt,2,0.08,1.1195966666666666,0.033773091547024195,0.4283766666666667,0.08202480147779247,0.4087166666666667,0.04589229582502879,0.0036333333333333335,0.0019176733987746235
2,real9.txt,2,0.16,0.9079566666666667,0.04096367342206855,0.30639333333333335,0.03107702259440781,0.39794666666666667,0.04025640864237157,0.002933333333333334,0.0031215969977067756
3,.\df_0.txt,0,0.0,0.0957,,1.3074,,0.3946,,-0.0014,
3,.\df_1.txt,0,0.0,0.097,,1.2422,,0.4742,,0.2566,
3,.\df_2.txt,0,0.0,0.0953,,6.5287,,0.5098,,0.7765,
3,.\df_3.txt,0,0.0,0.096,,2.1248,,0.6504,,0.9064,
3,.\df_4.txt,0,0.0,0.095,,3.6688,,0.6309,,0.9471,
3,.\df_5.txt,0,0.0,0.097,,1.5323,,0.3867,,-0.002,
3,.\df_6.txt,0,0.0,0.095,,1.2922,,0.4785,,0.2485,
3,.\df_7.txt,0,0.0,0.0965,,6.5287,,0.5098,,0.7765,
3,.\df_8.txt,0,0.0,0.096,,2.1248,,0.6504,,0.9064,
3,.\df_9.txt,0,0.0,0.096,,3.3573,,0.7027,,0.994,
3,.\pontos_1.txt,0,0.0,0.101,,3.6865,,0.6992,,0.9411,
3,.\pontos_10.txt,0,0.0,0.095,,3.4805,,0.7256,,0.9969,
3,.\pontos_2.txt,0,0.0,0.0955,,4.2155,,0.808,,0.9969,
3,.\pontos_3.txt,0,0.0,0.098,,4.3734,,0.8216,,1.0,
3,.\pontos_4.txt,0,0.0,0.101,,3.8813,,0.7696,,1.0,
3,.\pontos_5.txt,0,0.0,0.0954,,4.0657,,0.7414,,0.9938,
3,.\pontos_6.txt,0,0.0,0.097,,4.0947,,0.8134,,1.0,
3,.\pontos_7.txt,0,0.0,0.098,,3.7343,,0.6642,,0.719,
3,.\pontos_8.txt,0,0.0,0.096,,4.0335,,0.7254,,0.9755,
3,.\pontos_9.txt,0,0.0,0.095,,4.5141,,0.7017,,0.9876,
3,real1.txt,0,0.0,0.144,,221.9386,,0.8671,,0.025,
3,real10.txt,0,0.0,0.1027,,0.3084,,0.3069,,0.0446,
3,real2.txt,0,0.0,0.095,,10.9672,,0.4366,,0.0869,
3,real3.txt,0,0.0,0.095,,7.75,,0.6287,,0.0836,
3,real4.txt,0,0.0,0.0976,,1158.2417,,0.5758,,-0.0011,
3,real5.txt,0,0.0,0.097,,4453.677,,0.6059,,0.5756,
3,real6.txt,0,0.0,0.0972,,50.4391,,0.3728,,-0.0206,
3,real7.txt,0,0.0,0.1026,,36.3986,,0.4346,,0.2219,
3,real8.txt,0,0.0,0.0963,,3.1005,,0.5805,,0.0094,
3,real9.txt,0,0.0,0.097,,0.4823,,0.4405,,0.003,
